"CDP-391310","EQUIPO 31","DIRECCION_UBIC85","2020-08-26 00:00:00","2020-10-20 06:42:56","6","CRONOGRAMA MANTENIMIENRO EQ130"
"CDP-373272","EQUIPO 47","DIRECCION_UBIC10","2020-10-11 00:00:00","2020-10-21 09:19:14","13","CRONOGRAMA MANTENIMIENRO EQ193"
"CDP-77-9854","EQUIPO2","DIRECCION_UBIC3","2020-10-02 00:00:00","2020-11-02 11:37:25","13","CRONOGRAMA MANTENIMIENRO EQ59"
"CDP-131307","EQUIPO 84","DIRECCION_UBIC29","2020-09-08 00:00:00","2020-10-28 18:55:46","14","CRONOGRAMA MANTENIMIENRO EQ176"
"CDP-252579","EQUIPO 197","DIRECCION_UBIC83","2020-10-19 00:00:00","2020-10-24 16:34:05","13","CRONOGRAMA MANTENIMIENRO EQ183"
"CDP-462301","EQUIPO 108","DIRECCION_UBIC33","2020-08-26 00:00:00","2020-09-21 17:12:29","16","CRONOGRAMA MANTENIMIENRO EQ182"
"CDP-123567","EQUIPO 198","DIRECCION_UBIC7","2020-10-08 00:00:00","2020-11-15 04:23:10","19","CRONOGRAMA MANTENIMIENRO EQ129"
"CDP-494599","EQUIPO 145","DIRECCION_UBIC98","2020-09-17 00:00:00","2020-10-31 21:33:20","12","CRONOGRAMA MANTENIMIENRO EQ44"
"CDP-131307","EQUIPO 84","DIRECCION_UBIC29","2020-09-27 00:00:00","2020-10-11 21:35:31","10","CRONOGRAMA MANTENIMIENRO EQ176"
"CDP-254548","EQUIPO 169","DIRECCION_UBIC82","2020-09-06 00:00:00","2020-09-14 12:16:44","11","CRONOGRAMA MANTENIMIENRO EQ88"
"CDP-245507","EQUIPO 165","DIRECCION_UBIC36","2020-09-26 00:00:00","2020-10-20 22:18:59","11","CRONOGRAMA MANTENIMIENRO EQ80"
"CDP-126313","EQUIPO 147","DIRECCION_UBIC90","2020-09-14 00:00:00","2020-10-23 11:28:02","6","CRONOGRAMA MANTENIMIENRO EQ106"
"CDP-119290","EQUIPO 53","DIRECCION_UBIC98","2020-09-11 00:00:00","2020-10-13 02:13:38","4","CRONOGRAMA MANTENIMIENRO EQ200"
"CDP-228390","EQUIPO 181","DIRECCION_UBIC77","2020-10-15 00:00:00","2020-11-11 00:00:52","11","CRONOGRAMA MANTENIMIENRO EQ76"
"CDP-220307","EQUIPO 122","DIRECCION_UBIC47","2020-09-28 00:00:00","2020-10-23 10:27:52","2","CRONOGRAMA MANTENIMIENRO EQ24"
"CDP-262491","EQUIPO 182","DIRECCION_UBIC89","2020-08-26 00:00:00","2020-10-14 13:03:06","19","CRONOGRAMA MANTENIMIENRO EQ15"
"CDP-199482","EQUIPO 148","DIRECCION_UBIC13","2020-08-28 00:00:00","2020-10-09 06:12:33","10","CRONOGRAMA MANTENIMIENRO EQ41"
"CDP-446557","EQUIPO 179","DIRECCION_UBIC7","2020-10-19 00:00:00","2020-11-22 17:16:58","6","CRONOGRAMA MANTENIMIENRO EQ27"
"CDP-106355","EQUIPO 70","DIRECCION_UBIC53","2020-09-20 00:00:00","2020-10-23 07:38:31","12","CRONOGRAMA MANTENIMIENRO EQ49"
"CDP-313311","EQUIPO 107","DIRECCION_UBIC71","2020-09-10 00:00:00","2020-09-30 23:42:43","9","CRONOGRAMA MANTENIMIENRO EQ147"
"CDP-119290","EQUIPO 53","DIRECCION_UBIC98","2020-10-08 00:00:00","2020-10-28 06:39:59","15","CRONOGRAMA MANTENIMIENRO EQ200"
"CDP-402274","EQUIPO 72","DIRECCION_UBIC91","2020-10-14 00:00:00","2020-12-03 05:05:14","8","CRONOGRAMA MANTENIMIENRO EQ132"
"CDP-157342","EQUIPO 71","DIRECCION_UBIC74","2020-10-23 00:00:00","2020-12-09 18:48:05","1","CRONOGRAMA MANTENIMIENRO EQ128"
"CDP-429581","EQUIPO 103","DIRECCION_UBIC98","2020-10-03 00:00:00","2020-11-06 04:35:54","4","CRONOGRAMA MANTENIMIENRO EQ127"
"CDP-390306","EQUIPO 177","DIRECCION_UBIC58","2020-10-24 00:00:00","2020-12-12 06:18:50","5","CRONOGRAMA MANTENIMIENRO EQ145"
"CDP-313311","EQUIPO 107","DIRECCION_UBIC71","2020-09-14 00:00:00","2020-11-11 17:30:42","2","CRONOGRAMA MANTENIMIENRO EQ147"
"CDP-105477","EQUIPO 136","DIRECCION_UBIC95","2020-09-07 00:00:00","2020-09-15 18:30:48","9","CRONOGRAMA MANTENIMIENRO EQ74"
"CDP-329303","EQUIPO 150","DIRECCION_UBIC64","2020-10-10 00:00:00","2020-12-03 23:48:58","6","CRONOGRAMA MANTENIMIENRO EQ175"
"CDP-429581","EQUIPO 103","DIRECCION_UBIC98","2020-09-04 00:00:00","2020-10-12 07:09:46","11","CRONOGRAMA MANTENIMIENRO EQ127"
"CDP-199482","EQUIPO 148","DIRECCION_UBIC13","2020-09-21 00:00:00","2020-10-12 11:24:57","5","CRONOGRAMA MANTENIMIENRO EQ41"
"CDP-338549","EQUIPO 185","DIRECCION_UBIC50","2020-09-24 00:00:00","2020-10-14 19:37:29","11","CRONOGRAMA MANTENIMIENRO EQ155"
"CDP-352325","EQUIPO 22","DIRECCION_UBIC36","2020-09-28 00:00:00","2020-11-01 18:59:10","10","CRONOGRAMA MANTENIMIENRO EQ29"
"CDP-211542","EQUIPO 199","DIRECCION_UBIC48","2020-10-04 00:00:00","2020-10-09 11:46:50","4","CRONOGRAMA MANTENIMIENRO EQ174"
"CDP-171546","EQUIPO 171","DIRECCION_UBIC54","2020-10-19 00:00:00","2020-12-12 06:15:26","6","CRONOGRAMA MANTENIMIENRO EQ197"
"CDP-113423","EQUIPO 129","DIRECCION_UBIC44","2020-10-12 00:00:00","2020-11-18 06:39:48","10","CRONOGRAMA MANTENIMIENRO EQ123"
"CDP-244412","EQUIPO 190","DIRECCION_UBIC32","2020-09-01 00:00:00","2020-10-18 13:36:59","12","CRONOGRAMA MANTENIMIENRO EQ18"
"CDP-125-336","EQUIPO 1","DIRECCION_UBIC1","2020-09-23 00:00:00","2020-11-20 18:09:19","19","CRONOGRAMA PARA EQUIPO 1"
"CDP-211542","EQUIPO 199","DIRECCION_UBIC48","2020-09-18 00:00:00","2020-09-26 12:13:25","19","CRONOGRAMA MANTENIMIENRO EQ174"
"CDP-459599","EQUIPO 132","DIRECCION_UBIC2","2020-08-28 00:00:00","2020-09-02 13:25:50","4","CRONOGRAMA MANTENIMIENRO EQ84"
"CDP-245507","EQUIPO 165","DIRECCION_UBIC36","2020-10-22 00:00:00","2020-11-15 19:04:23","14","CRONOGRAMA MANTENIMIENRO EQ80"
"CDP-228390","EQUIPO 181","DIRECCION_UBIC77","2020-09-13 00:00:00","2020-09-21 07:01:30","13","CRONOGRAMA MANTENIMIENRO EQ109"
"CDP-277412","EQUIPO 164","DIRECCION_UBIC48","2020-09-02 00:00:00","2020-10-07 11:58:54","5","CRONOGRAMA MANTENIMIENRO EQ62"
"CDP-483566","EQUIPO 193","DIRECCION_UBIC100","2020-09-19 00:00:00","2020-10-17 05:22:31","10","CRONOGRAMA MANTENIMIENRO EQ86"
"CDP-465287","EQUIPO 120","DIRECCION_UBIC65","2020-10-01 00:00:00","2020-10-27 22:17:06","7","CRONOGRAMA MANTENIMIENRO EQ40"
"CDP-390306","EQUIPO 177","DIRECCION_UBIC58","2020-10-15 00:00:00","2020-11-11 13:15:03","7","CRONOGRAMA MANTENIMIENRO EQ145"
"CDP-131307","EQUIPO 84","DIRECCION_UBIC29","2020-09-01 00:00:00","2020-09-22 06:12:51","14","CRONOGRAMA MANTENIMIENRO EQ176"
"CDP-228390","EQUIPO 181","DIRECCION_UBIC77","2020-09-04 00:00:00","2020-10-15 00:55:10","19","CRONOGRAMA MANTENIMIENRO EQ51"
"CDP-259391","EQUIPO 60","DIRECCION_UBIC64","2020-09-03 00:00:00","2020-10-10 14:43:06","16","CRONOGRAMA MANTENIMIENRO EQ81"
"CDP-254548","EQUIPO 169","DIRECCION_UBIC82","2020-10-22 00:00:00","2020-11-23 14:51:19","7","CRONOGRAMA MANTENIMIENRO EQ90"
"CDP-371287","EQUIPO 189","DIRECCION_UBIC41","2020-10-12 00:00:00","2020-11-08 12:22:59","7","CRONOGRAMA MANTENIMIENRO EQ134"
"CDP-296447","EQUIPO 76","DIRECCION_UBIC66","2020-10-16 00:00:00","2020-11-29 21:05:09","3","CRONOGRAMA MANTENIMIENRO EQ9"
"CDP-123567","EQUIPO 198","DIRECCION_UBIC7","2020-10-14 00:00:00","2020-10-24 07:40:31","16","CRONOGRAMA MANTENIMIENRO EQ129"
"CDP-125-336","EQUIPO 1","DIRECCION_UBIC1","2020-09-03 00:00:00","2020-10-22 23:28:28","7","CRONOGRAMA PARA EQUIPO 1"
"CDP-248479","EQUIPO 61","DIRECCION_UBIC47","2020-09-28 00:00:00","2020-11-11 00:24:14","15","CRONOGRAMA MANTENIMIENRO EQ5"
"CDP-429581","EQUIPO 103","DIRECCION_UBIC98","2020-09-05 00:00:00","2020-10-16 17:40:52","18","CRONOGRAMA MANTENIMIENRO EQ127"
"CDP-432412","EQUIPO 24","DIRECCION_UBIC72","2020-10-13 00:00:00","2020-12-02 19:53:38","3","CRONOGRAMA MANTENIMIENRO EQ30"
"CDP-371287","EQUIPO 189","DIRECCION_UBIC41","2020-10-09 00:00:00","2020-12-04 09:24:42","6","CRONOGRAMA MANTENIMIENRO EQ134"
"CDP-397329","EQUIPO 91","DIRECCION_UBIC81","2020-09-11 00:00:00","2020-10-30 16:22:42","2","CRONOGRAMA MANTENIMIENRO EQ67"
"CDP-304286","EQUIPO 115","DIRECCION_UBIC64","2020-09-30 00:00:00","2020-10-06 23:52:42","9","CRONOGRAMA MANTENIMIENRO EQ79"
"CDP-390306","EQUIPO 177","DIRECCION_UBIC58","2020-08-25 00:00:00","2020-09-05 07:12:33","14","CRONOGRAMA MANTENIMIENRO EQ142"
"CDP-128496","EQUIPO 175","DIRECCION_UBIC73","2020-09-22 00:00:00","2020-10-25 17:51:01","4","CRONOGRAMA MANTENIMIENRO EQ97"
"CDP-483566","EQUIPO 193","DIRECCION_UBIC100","2020-08-29 00:00:00","2020-10-26 03:12:34","5","CRONOGRAMA MANTENIMIENRO EQ86"
"CDP-131307","EQUIPO 84","DIRECCION_UBIC29","2020-08-31 00:00:00","2020-10-11 14:40:02","14","CRONOGRAMA MANTENIMIENRO EQ188"
"CDP-264586","EQUIPO 188","DIRECCION_UBIC90","2020-10-08 00:00:00","2020-10-29 16:21:25","17","CRONOGRAMA MANTENIMIENRO EQ98"
"CDP-131307","EQUIPO 84","DIRECCION_UBIC29","2020-09-09 00:00:00","2020-10-08 02:51:50","2","CRONOGRAMA MANTENIMIENRO EQ104"
"CDP-493489","EQUIPO 6","DIRECCION_UBIC27","2020-10-01 00:00:00","2020-10-06 00:12:02","12","CRONOGRAMA MANTENIMIENRO EQ114"
"CDP-106355","EQUIPO 70","DIRECCION_UBIC53","2020-10-17 00:00:00","2020-11-17 08:21:14","13","CRONOGRAMA MANTENIMIENRO EQ49"
"CDP-220307","EQUIPO 122","DIRECCION_UBIC47","2020-10-25 00:00:00","2020-11-26 15:59:24","13","CRONOGRAMA MANTENIMIENRO EQ99"
"CDP-224410","EQUIPO 54","DIRECCION_UBIC4","2020-09-25 00:00:00","2020-10-11 23:11:17","15","CRONOGRAMA MANTENIMIENRO EQ140"
"CDP-333391","EQUIPO 180","DIRECCION_UBIC45","2020-10-23 00:00:00","2020-12-21 13:03:07","1","CRONOGRAMA MANTENIMIENRO EQ52"
"CDP-497431","EQUIPO 138","DIRECCION_UBIC62","2020-09-10 00:00:00","2020-11-08 17:22:36","17","CRONOGRAMA MANTENIMIENRO EQ137"
"CDP-318251","EQUIPO 79","DIRECCION_UBIC6","2020-08-26 00:00:00","2020-09-10 01:55:18","16","CRONOGRAMA MANTENIMIENRO EQ91"
"CDP-211542","EQUIPO 199","DIRECCION_UBIC48","2020-09-13 00:00:00","2020-09-24 16:09:45","11","CRONOGRAMA MANTENIMIENRO EQ174"
"CDP-180428","EQUIPO 18","DIRECCION_UBIC44","2020-09-10 00:00:00","2020-09-22 06:05:08","15","CRONOGRAMA MANTENIMIENRO EQ156"
"CDP-126313","EQUIPO 147","DIRECCION_UBIC90","2020-09-25 00:00:00","2020-11-11 04:46:28","7","CRONOGRAMA MANTENIMIENRO EQ106"
"CDP-290435","EQUIPO 38","DIRECCION_UBIC8","2020-09-26 00:00:00","2020-10-09 06:47:15","8","CRONOGRAMA MANTENIMIENRO EQ57"
"CDP-248479","EQUIPO 61","DIRECCION_UBIC47","2020-09-30 00:00:00","2020-11-10 17:40:30","7","CRONOGRAMA MANTENIMIENRO EQ5"
"CDP-347406","EQUIPO 40","DIRECCION_UBIC16","2020-08-26 00:00:00","2020-09-09 20:51:49","5","CRONOGRAMA MANTENIMIENRO EQ139"
"CDP-329303","EQUIPO 150","DIRECCION_UBIC64","2020-09-25 00:00:00","2020-09-27 00:47:41","15","CRONOGRAMA MANTENIMIENRO EQ175"
"CDP-346389","EQUIPO 116","DIRECCION_UBIC41","2020-08-30 00:00:00","2020-09-18 00:52:22","19","CRONOGRAMA MANTENIMIENRO EQ7"
"CDP-403451","EQUIPO 85","DIRECCION_UBIC77","2020-08-30 00:00:00","2020-10-08 05:30:09","12","CRONOGRAMA MANTENIMIENRO EQ124"
"CDP-432348","EQUIPO 172","DIRECCION_UBIC94","2020-10-08 00:00:00","2020-10-15 09:04:46","5","CRONOGRAMA MANTENIMIENRO EQ89"
"CDP-494599","EQUIPO 145","DIRECCION_UBIC98","2020-09-01 00:00:00","2020-09-14 09:29:27","14","CRONOGRAMA MANTENIMIENRO EQ44"
"CDP-291384","EQUIPO 160","DIRECCION_UBIC50","2020-09-11 00:00:00","2020-10-02 04:36:05","2","CRONOGRAMA MANTENIMIENRO EQ191"
"CDP-146420","EQUIPO 141","DIRECCION_UBIC9","2020-10-06 00:00:00","2020-12-04 12:20:47","6","CRONOGRAMA MANTENIMIENRO EQ19"
"CDP-446557","EQUIPO 179","DIRECCION_UBIC7","2020-09-19 00:00:00","2020-11-02 19:29:27","11","CRONOGRAMA MANTENIMIENRO EQ27"
"CDP-135480","EQUIPO 152","DIRECCION_UBIC81","2020-10-22 00:00:00","2020-11-25 18:55:25","13","CRONOGRAMA MANTENIMIENRO EQ178"
"CDP-426461","EQUIPO 90","DIRECCION_UBIC93","2020-10-01 00:00:00","2020-11-24 21:16:41","6","CRONOGRAMA MANTENIMIENRO EQ45"
"CDP-131307","EQUIPO 84","DIRECCION_UBIC29","2020-09-06 00:00:00","2020-10-25 05:10:32","19","CRONOGRAMA MANTENIMIENRO EQ176"
"CDP-421275","EQUIPO 195","DIRECCION_UBIC80","2020-09-22 00:00:00","2020-10-06 06:56:35","1","CRONOGRAMA MANTENIMIENRO EQ102"
"CDP-465287","EQUIPO 120","DIRECCION_UBIC65","2020-10-07 00:00:00","2020-11-19 01:19:23","11","CRONOGRAMA MANTENIMIENRO EQ116"
"CDP-228390","EQUIPO 181","DIRECCION_UBIC77","2020-09-18 00:00:00","2020-10-05 00:43:21","11","CRONOGRAMA MANTENIMIENRO EQ109"
"CDP-432412","EQUIPO 24","DIRECCION_UBIC72","2020-08-31 00:00:00","2020-09-18 01:04:07","6","CRONOGRAMA MANTENIMIENRO EQ144"
"CDP-434295","EQUIPO 153","DIRECCION_UBIC74","2020-08-29 00:00:00","2020-10-23 18:03:03","2","CRONOGRAMA MANTENIMIENRO EQ43"
"CDP-381344","EQUIPO 41","DIRECCION_UBIC77","2020-09-07 00:00:00","2020-09-27 11:22:15","16","CRONOGRAMA MANTENIMIENRO EQ171"
"CDP-378342","EQUIPO 34","DIRECCION_UBIC19","2020-09-27 00:00:00","2020-10-17 12:57:56","3","CRONOGRAMA MANTENIMIENRO EQ58"
"CDP-131307","EQUIPO 84","DIRECCION_UBIC29","2020-09-28 00:00:00","2020-10-27 13:20:23","2","CRONOGRAMA MANTENIMIENRO EQ188"
"CDP-137462","EQUIPO 64","DIRECCION_UBIC90","2020-10-02 00:00:00","2020-11-11 07:53:48","10","CRONOGRAMA MANTENIMIENRO EQ118"
"CDP-438435","EQUIPO 14","DIRECCION_UBIC86","2020-10-09 00:00:00","2020-10-19 12:12:18","18","CRONOGRAMA MANTENIMIENRO EQ25"
"CDP-406446","EQUIPO 99","DIRECCION_UBIC18","2020-09-23 00:00:00","2020-11-07 02:36:43","14","CRONOGRAMA MANTENIMIENRO EQ105"
"CDP-307555","EQUIPO 65","DIRECCION_UBIC10","2020-10-20 00:00:00","2020-10-26 05:09:56","12","CRONOGRAMA MANTENIMIENRO EQ168"
"CDP-77-9854","EQUIPO2","DIRECCION_UBIC3","2020-09-05 00:00:00","2020-10-04 04:26:07","1","ACTUALIZA"
"CDP-106355","EQUIPO 70","DIRECCION_UBIC53","2020-08-31 00:00:00","2020-09-21 00:52:03","8","CRONOGRAMA MANTENIMIENRO EQ49"
"CDP-419459","EQUIPO 194","DIRECCION_UBIC77","2020-09-21 00:00:00","2020-11-09 20:18:12","6","CRONOGRAMA MANTENIMIENRO EQ85"
"CDP-154442","EQUIPO 4","DIRECCION_UBIC59","2020-09-19 00:00:00","2020-10-06 03:29:48","6","CRONOGRAMA MANTENIMIENRO EQ73"
"CDP-307555","EQUIPO 65","DIRECCION_UBIC10","2020-08-26 00:00:00","2020-10-02 06:36:04","1","CRONOGRAMA MANTENIMIENRO EQ168"
"CDP-429581","EQUIPO 103","DIRECCION_UBIC98","2020-09-20 00:00:00","2020-10-29 21:08:06","11","CRONOGRAMA MANTENIMIENRO EQ127"
"CDP-333391","EQUIPO 180","DIRECCION_UBIC45","2020-10-03 00:00:00","2020-10-13 16:20:06","9","CRONOGRAMA MANTENIMIENRO EQ52"
"CDP-123567","EQUIPO 198","DIRECCION_UBIC7","2020-10-09 00:00:00","2020-10-21 08:03:52","2","CRONOGRAMA MANTENIMIENRO EQ129"
"CDP-211542","EQUIPO 199","DIRECCION_UBIC48","2020-09-29 00:00:00","2020-11-07 03:46:48","12","CRONOGRAMA MANTENIMIENRO EQ174"
"CDP-263283","EQUIPO 166","DIRECCION_UBIC9","2020-09-07 00:00:00","2020-09-15 03:55:14","13","CRONOGRAMA MANTENIMIENRO EQ65"
"CDP-432412","EQUIPO 24","DIRECCION_UBIC72","2020-10-02 00:00:00","2020-11-15 04:11:47","8","CRONOGRAMA MANTENIMIENRO EQ30"
"CDP-211542","EQUIPO 199","DIRECCION_UBIC48","2020-09-23 00:00:00","2020-10-15 22:28:01","8","CRONOGRAMA MANTENIMIENRO EQ174"
"CDP-347406","EQUIPO 40","DIRECCION_UBIC16","2020-09-14 00:00:00","2020-11-08 22:24:35","2","CRONOGRAMA MANTENIMIENRO EQ37"
"CDP-465287","EQUIPO 120","DIRECCION_UBIC65","2020-10-19 00:00:00","2020-11-24 05:10:03","9","CRONOGRAMA MANTENIMIENRO EQ40"
"CDP-465287","EQUIPO 120","DIRECCION_UBIC65","2020-08-26 00:00:00","2020-10-02 06:12:49","6","CRONOGRAMA MANTENIMIENRO EQ116"
"CDP-248479","EQUIPO 61","DIRECCION_UBIC47","2020-10-25 00:00:00","2020-11-12 12:17:08","6","CRONOGRAMA MANTENIMIENRO EQ5"
"CDP-438258","EQUIPO 17","DIRECCION_UBIC29","2020-09-01 00:00:00","2020-09-20 04:46:15","1","CRONOGRAMA MANTENIMIENRO EQ111"
"CDP-126313","EQUIPO 147","DIRECCION_UBIC90","2020-10-15 00:00:00","2020-12-02 19:10:08","1","CRONOGRAMA MANTENIMIENRO EQ101"
"CDP-263283","EQUIPO 166","DIRECCION_UBIC9","2020-09-07 00:00:00","2020-10-01 07:50:20","9","CRONOGRAMA MANTENIMIENRO EQ65"
"CDP-432348","EQUIPO 172","DIRECCION_UBIC94","2020-10-17 00:00:00","2020-10-24 14:04:09","4","CRONOGRAMA MANTENIMIENRO EQ89"
"CDP-113423","EQUIPO 129","DIRECCION_UBIC44","2020-10-15 00:00:00","2020-11-17 11:49:20","15","CRONOGRAMA MANTENIMIENRO EQ192"
"CDP-374332","EQUIPO 83","DIRECCION_UBIC80","2020-09-17 00:00:00","2020-11-09 07:10:12","14","CRONOGRAMA MANTENIMIENRO EQ180"
"CDP-118470","EQUIPO 32","DIRECCION_UBIC78","2020-09-11 00:00:00","2020-09-25 14:48:26","15","CRONOGRAMA MANTENIMIENRO EQ113"
"CDP-378342","EQUIPO 34","DIRECCION_UBIC19","2020-08-30 00:00:00","2020-09-10 10:39:16","16","CRONOGRAMA MANTENIMIENRO EQ58"
"CDP-391310","EQUIPO 31","DIRECCION_UBIC85","2020-10-12 00:00:00","2020-11-02 15:10:38","18","CRONOGRAMA MANTENIMIENRO EQ68"
"CDP-252579","EQUIPO 197","DIRECCION_UBIC83","2020-09-05 00:00:00","2020-09-19 10:34:15","16","CRONOGRAMA MANTENIMIENRO EQ183"
"CDP-291384","EQUIPO 160","DIRECCION_UBIC50","2020-10-23 00:00:00","2020-11-29 18:02:51","6","CRONOGRAMA MANTENIMIENRO EQ191"
"CDP-214235","EQUIPO 124","DIRECCION_UBIC49","2020-09-08 00:00:00","2020-09-22 04:09:08","12","CRONOGRAMA MANTENIMIENRO EQ31"
"CDP-154579","EQUIPO 67","DIRECCION_UBIC20","2020-09-15 00:00:00","2020-10-02 23:09:47","13","CRONOGRAMA MANTENIMIENRO EQ72"
"CDP-196544","EQUIPO 52","DIRECCION_UBIC90","2020-09-28 00:00:00","2020-11-07 10:58:26","9","CRONOGRAMA MANTENIMIENRO EQ16"
"CDP-352325","EQUIPO 22","DIRECCION_UBIC36","2020-10-14 00:00:00","2020-11-21 21:54:07","18","CRONOGRAMA MANTENIMIENRO EQ29"
"CDP-497431","EQUIPO 138","DIRECCION_UBIC62","2020-09-02 00:00:00","2020-10-17 23:27:12","8","CRONOGRAMA MANTENIMIENRO EQ28"
"CDP-194500","EQUIPO 200","DIRECCION_UBIC49","2020-10-05 00:00:00","2020-11-10 18:19:44","17","CRONOGRAMA MANTENIMIENRO EQ131"
"CDP-371287","EQUIPO 189","DIRECCION_UBIC41","2020-10-23 00:00:00","2020-12-14 18:29:30","19","CRONOGRAMA MANTENIMIENRO EQ141"
"CDP-211542","EQUIPO 199","DIRECCION_UBIC48","2020-10-12 00:00:00","2020-11-14 21:34:26","14","CRONOGRAMA MANTENIMIENRO EQ174"
"CDP-478308","EQUIPO 94","DIRECCION_UBIC99","2020-09-20 00:00:00","2020-09-25 13:16:58","8","CRONOGRAMA MANTENIMIENRO EQ179"
"CDP-429581","EQUIPO 103","DIRECCION_UBIC98","2020-09-29 00:00:00","2020-11-20 16:45:02","15","CRONOGRAMA MANTENIMIENRO EQ127"
"CDP-432412","EQUIPO 24","DIRECCION_UBIC72","2020-10-11 00:00:00","2020-10-22 19:38:33","9","CRONOGRAMA MANTENIMIENRO EQ122"
"CDP-346389","EQUIPO 116","DIRECCION_UBIC41","2020-09-27 00:00:00","2020-11-20 09:19:17","12","CRONOGRAMA MANTENIMIENRO EQ64"
"CDP-228390","EQUIPO 181","DIRECCION_UBIC77","2020-09-06 00:00:00","2020-10-26 08:05:48","18","CRONOGRAMA MANTENIMIENRO EQ51"
"CDP-224410","EQUIPO 54","DIRECCION_UBIC4","2020-09-21 00:00:00","2020-10-28 20:16:51","18","CRONOGRAMA MANTENIMIENRO EQ157"
"CDP-135480","EQUIPO 152","DIRECCION_UBIC81","2020-09-12 00:00:00","2020-10-30 03:30:50","12","CRONOGRAMA MANTENIMIENRO EQ187"
"CDP-313311","EQUIPO 107","DIRECCION_UBIC71","2020-10-16 00:00:00","2020-11-22 23:30:42","8","CRONOGRAMA MANTENIMIENRO EQ12"
"CDP-125-336","EQUIPO 1","DIRECCION_UBIC1","2020-10-06 00:00:00","2020-10-25 08:36:21","18","CRONOGRAMA PARA EQUIPO 1"
"CDP-228390","EQUIPO 181","DIRECCION_UBIC77","2020-09-15 00:00:00","2020-11-08 07:54:48","16","CRONOGRAMA MANTENIMIENRO EQ109"
"CDP-312589","EQUIPO 30","DIRECCION_UBIC39","2020-10-23 00:00:00","2020-12-09 09:31:03","15","CRONOGRAMA MANTENIMIENRO EQ151"
"CDP-478308","EQUIPO 94","DIRECCION_UBIC99","2020-10-02 00:00:00","2020-11-23 11:18:47","1","CRONOGRAMA MANTENIMIENRO EQ160"
"CDP-248479","EQUIPO 61","DIRECCION_UBIC47","2020-09-20 00:00:00","2020-10-08 23:08:27","6","CRONOGRAMA MANTENIMIENRO EQ5"
"CDP-291384","EQUIPO 160","DIRECCION_UBIC50","2020-09-05 00:00:00","2020-09-28 03:31:31","4","CRONOGRAMA MANTENIMIENRO EQ191"
"CDP-184511","EQUIPO 78","DIRECCION_UBIC77","2020-09-15 00:00:00","2020-10-20 02:33:48","13","CRONOGRAMA MANTENIMIENRO EQ61"
"CDP-378342","EQUIPO 34","DIRECCION_UBIC19","2020-09-15 00:00:00","2020-09-26 23:48:51","18","CRONOGRAMA MANTENIMIENRO EQ148"
"CDP-318251","EQUIPO 79","DIRECCION_UBIC6","2020-10-16 00:00:00","2020-11-01 00:53:12","5","CRONOGRAMA MANTENIMIENRO EQ91"
"CDP-77-9854","EQUIPO2","DIRECCION_UBIC3","2020-10-05 00:00:00","2020-10-16 09:09:22","19","CRONOGRAMA MANTENIMIENRO EQ59"
"CDP-382283","EQUIPO 12","DIRECCION_UBIC100","2020-10-22 00:00:00","2020-11-10 01:10:35","5","CRONOGRAMA MANTENIMIENRO EQ87"
"CDP-432412","EQUIPO 24","DIRECCION_UBIC72","2020-10-04 00:00:00","2020-11-01 03:21:55","8","CRONOGRAMA MANTENIMIENRO EQ122"
"CDP-428390","EQUIPO 19","DIRECCION_UBIC37","2020-09-26 00:00:00","2020-10-25 16:42:10","7","CRONOGRAMA MANTENIMIENRO EQ10"
"CDP-397329","EQUIPO 91","DIRECCION_UBIC81","2020-10-23 00:00:00","2020-11-21 07:41:38","11","CRONOGRAMA MANTENIMIENRO EQ75"
"CDP-336415","EQUIPO 106","DIRECCION_UBIC47","2020-09-23 00:00:00","2020-10-05 00:31:47","4","CRONOGRAMA MANTENIMIENRO EQ56"
"CDP-259391","EQUIPO 60","DIRECCION_UBIC64","2020-09-06 00:00:00","2020-10-29 13:11:32","16","CRONOGRAMA MANTENIMIENRO EQ81"
"CDP-194500","EQUIPO 200","DIRECCION_UBIC49","2020-09-24 00:00:00","2020-11-14 04:29:06","16","CRONOGRAMA MANTENIMIENRO EQ131"
"CDP-374332","EQUIPO 83","DIRECCION_UBIC80","2020-10-23 00:00:00","2020-12-11 22:58:51","18","CRONOGRAMA MANTENIMIENRO EQ180"
"CDP-224410","EQUIPO 54","DIRECCION_UBIC4","2020-09-16 00:00:00","2020-10-08 07:41:01","8","CRONOGRAMA MANTENIMIENRO EQ157"
"CDP-384560","EQUIPO 25","DIRECCION_UBIC56","2020-08-31 00:00:00","2020-10-24 22:17:51","12","CRONOGRAMA MANTENIMIENRO EQ47"
"CDP-497431","EQUIPO 138","DIRECCION_UBIC62","2020-10-09 00:00:00","2020-11-15 22:27:42","16","CRONOGRAMA MANTENIMIENRO EQ28"
"CDP-381344","EQUIPO 41","DIRECCION_UBIC77","2020-10-04 00:00:00","2020-10-14 04:26:42","13","CRONOGRAMA MANTENIMIENRO EQ171"
"CDP-105477","EQUIPO 136","DIRECCION_UBIC95","2020-08-26 00:00:00","2020-09-28 14:24:16","7","CRONOGRAMA MANTENIMIENRO EQ74"
"CDP-127542","EQUIPO 77","DIRECCION_UBIC61","2020-10-14 00:00:00","2020-11-27 00:54:00","11","CRONOGRAMA MANTENIMIENRO EQ4"
"CDP-214235","EQUIPO 124","DIRECCION_UBIC49","2020-10-04 00:00:00","2020-10-17 05:03:53","16","CRONOGRAMA MANTENIMIENRO EQ82"
"CDP-194500","EQUIPO 200","DIRECCION_UBIC49","2020-10-06 00:00:00","2020-11-10 20:33:06","13","CRONOGRAMA MANTENIMIENRO EQ108"
"CDP-313311","EQUIPO 107","DIRECCION_UBIC71","2020-09-20 00:00:00","2020-11-15 03:14:32","9","CRONOGRAMA MANTENIMIENRO EQ147"
"CDP-346389","EQUIPO 116","DIRECCION_UBIC41","2020-09-19 00:00:00","2020-10-21 19:39:10","6","CRONOGRAMA MANTENIMIENRO EQ7"
"CDP-434295","EQUIPO 153","DIRECCION_UBIC74","2020-09-08 00:00:00","2020-09-24 18:14:12","1","CRONOGRAMA MANTENIMIENRO EQ43"
"CDP-374332","EQUIPO 83","DIRECCION_UBIC80","2020-09-06 00:00:00","2020-10-29 22:45:27","1","CRONOGRAMA MANTENIMIENRO EQ180"
"CDP-155433","EQUIPO 191","DIRECCION_UBIC78","2020-09-04 00:00:00","2020-10-22 05:46:16","7","CRONOGRAMA MANTENIMIENRO EQ146"
"CDP-273272","EQUIPO 7","DIRECCION_UBIC4","2020-10-21 00:00:00","2020-11-24 03:56:35","6","CRONOGRAMA MANTENIMIENRO EQ184"
"CDP-135480","EQUIPO 152","DIRECCION_UBIC81","2020-09-11 00:00:00","2020-11-07 03:13:46","6","CRONOGRAMA MANTENIMIENRO EQ126"
"CDP-215407","EQUIPO 80","DIRECCION_UBIC93","2020-08-26 00:00:00","2020-09-02 00:15:49","12","CRONOGRAMA MANTENIMIENRO EQ33"
"CDP-463310","EQUIPO 157","DIRECCION_UBIC13","2020-10-08 00:00:00","2020-11-12 03:02:38","4","CRONOGRAMA MANTENIMIENRO EQ66"
"CDP-346389","EQUIPO 116","DIRECCION_UBIC41","2020-09-28 00:00:00","2020-11-22 12:03:54","16","CRONOGRAMA MANTENIMIENRO EQ64"
"CDP-290435","EQUIPO 38","DIRECCION_UBIC8","2020-09-23 00:00:00","2020-10-15 17:51:04","14","CRONOGRAMA MANTENIMIENRO EQ57"
"CDP-294304","EQUIPO 168","DIRECCION_UBIC84","2020-10-14 00:00:00","2020-11-08 22:17:15","14","CRONOGRAMA MANTENIMIENRO EQ199"
"CDP-296447","EQUIPO 76","DIRECCION_UBIC66","2020-10-14 00:00:00","2020-12-05 02:39:55","7","CRONOGRAMA MANTENIMIENRO EQ9"
"CDP-155433","EQUIPO 191","DIRECCION_UBIC78","2020-09-06 00:00:00","2020-10-23 09:28:12","16","CRONOGRAMA MANTENIMIENRO EQ146"
"CDP-346389","EQUIPO 116","DIRECCION_UBIC41","2020-10-10 00:00:00","2020-11-10 23:17:44","10","CRONOGRAMA MANTENIMIENRO EQ64"
"CDP-203357","EQUIPO 151","DIRECCION_UBIC59","2020-09-28 00:00:00","2020-11-05 21:49:55","7","CRONOGRAMA MANTENIMIENRO EQ162"
"CDP-235241","EQUIPO 144","DIRECCION_UBIC72","2020-10-01 00:00:00","2020-11-24 22:14:11","3","CRONOGRAMA MANTENIMIENRO EQ100"
"CDP-211542","EQUIPO 199","DIRECCION_UBIC48","2020-09-02 00:00:00","2020-10-24 05:12:38","9","CRONOGRAMA MANTENIMIENRO EQ39"
"CDP-113423","EQUIPO 129","DIRECCION_UBIC44","2020-08-29 00:00:00","2020-10-21 20:40:21","7","CRONOGRAMA MANTENIMIENRO EQ192"
"CDP-483566","EQUIPO 193","DIRECCION_UBIC100","2020-10-22 00:00:00","2020-12-17 18:21:44","9","CRONOGRAMA MANTENIMIENRO EQ86"
"CDP-137462","EQUIPO 64","DIRECCION_UBIC90","2020-09-09 00:00:00","2020-09-29 18:53:20","13","CRONOGRAMA MANTENIMIENRO EQ118"
"CDP-329303","EQUIPO 150","DIRECCION_UBIC64","2020-09-08 00:00:00","2020-10-07 07:59:33","9","CRONOGRAMA MANTENIMIENRO EQ34"
"CDP-463310","EQUIPO 157","DIRECCION_UBIC13","2020-10-13 00:00:00","2020-10-23 06:23:17","16","CRONOGRAMA MANTENIMIENRO EQ66"
"CDP-478308","EQUIPO 94","DIRECCION_UBIC99","2020-09-07 00:00:00","2020-09-15 16:22:44","5","CRONOGRAMA MANTENIMIENRO EQ160"
"CDP-459599","EQUIPO 132","DIRECCION_UBIC2","2020-10-16 00:00:00","2020-10-30 12:35:39","6","CRONOGRAMA MANTENIMIENRO EQ70"
"CDP-227306","EQUIPO 119","DIRECCION_UBIC86","2020-09-21 00:00:00","2020-10-31 07:08:58","17","CRONOGRAMA MANTENIMIENRO EQ150"
"CDP-199482","EQUIPO 148","DIRECCION_UBIC13","2020-08-30 00:00:00","2020-09-04 17:01:39","4","CRONOGRAMA MANTENIMIENRO EQ41"
"CDP-378342","EQUIPO 34","DIRECCION_UBIC19","2020-09-18 00:00:00","2020-10-11 22:36:35","11","CRONOGRAMA MANTENIMIENRO EQ58"
"CDP-336415","EQUIPO 106","DIRECCION_UBIC47","2020-08-26 00:00:00","2020-09-21 03:21:11","15","CRONOGRAMA MANTENIMIENRO EQ56"
"CDP-106355","EQUIPO 70","DIRECCION_UBIC53","2020-09-28 00:00:00","2020-11-08 00:42:39","5","CRONOGRAMA MANTENIMIENRO EQ32"
"CDP-493489","EQUIPO 6","DIRECCION_UBIC27","2020-09-05 00:00:00","2020-09-21 02:38:54","12","CRONOGRAMA MANTENIMIENRO EQ114"
"CDP-465287","EQUIPO 120","DIRECCION_UBIC65","2020-09-20 00:00:00","2020-10-30 01:21:12","6","CRONOGRAMA MANTENIMIENRO EQ40"
"CDP-254548","EQUIPO 169","DIRECCION_UBIC82","2020-10-18 00:00:00","2020-10-26 07:07:42","10","CRONOGRAMA MANTENIMIENRO EQ90"
"CDP-218408","EQUIPO 173","DIRECCION_UBIC67","2020-09-07 00:00:00","2020-09-25 17:37:15","17","CRONOGRAMA MANTENIMIENRO EQ110"
"CDP-127542","EQUIPO 77","DIRECCION_UBIC61","2020-09-14 00:00:00","2020-10-21 14:53:06","17","CRONOGRAMA MANTENIMIENRO EQ4"
"CDP-296447","EQUIPO 76","DIRECCION_UBIC66","2020-08-27 00:00:00","2020-09-07 06:23:20","8","CRONOGRAMA MANTENIMIENRO EQ63"
"CDP-234560","EQUIPO 100","DIRECCION_UBIC1","2020-09-10 00:00:00","2020-11-08 06:35:54","11","CRONOGRAMA MANTENIMIENRO EQ185"
"CDP-113423","EQUIPO 129","DIRECCION_UBIC44","2020-09-05 00:00:00","2020-10-04 12:51:27","9","CRONOGRAMA MANTENIMIENRO EQ123"
"CDP-252579","EQUIPO 197","DIRECCION_UBIC83","2020-10-11 00:00:00","2020-11-19 11:13:37","1","CRONOGRAMA MANTENIMIENRO EQ183"
"CDP-429581","EQUIPO 103","DIRECCION_UBIC98","2020-10-19 00:00:00","2020-11-07 19:06:48","15","CRONOGRAMA MANTENIMIENRO EQ127"
"CDP-313311","EQUIPO 107","DIRECCION_UBIC71","2020-10-23 00:00:00","2020-11-21 14:22:02","10","CRONOGRAMA MANTENIMIENRO EQ12"
"CDP-218546","EQUIPO 135","DIRECCION_UBIC45","2020-10-06 00:00:00","2020-10-22 23:24:16","2","CRONOGRAMA MANTENIMIENRO EQ154"
"CDP-254548","EQUIPO 169","DIRECCION_UBIC82","2020-08-31 00:00:00","2020-10-22 02:24:33","13","CRONOGRAMA MANTENIMIENRO EQ90"
"CDP-123567","EQUIPO 198","DIRECCION_UBIC7","2020-09-21 00:00:00","2020-11-10 03:42:01","18","CRONOGRAMA MANTENIMIENRO EQ194"
"CDP-406446","EQUIPO 99","DIRECCION_UBIC18","2020-08-28 00:00:00","2020-09-25 03:13:46","1","CRONOGRAMA MANTENIMIENRO EQ105"
"CDP-105477","EQUIPO 136","DIRECCION_UBIC95","2020-09-19 00:00:00","2020-10-27 16:56:38","16","CRONOGRAMA MANTENIMIENRO EQ74"
"CDP-381344","EQUIPO 41","DIRECCION_UBIC77","2020-10-06 00:00:00","2020-10-15 02:50:45","15","CRONOGRAMA MANTENIMIENRO EQ158"
"CDP-199482","EQUIPO 148","DIRECCION_UBIC13","2020-10-09 00:00:00","2020-11-09 02:34:23","15","CRONOGRAMA MANTENIMIENRO EQ93"
"CDP-428390","EQUIPO 19","DIRECCION_UBIC37","2020-09-26 00:00:00","2020-11-10 01:55:07","14","CRONOGRAMA MANTENIMIENRO EQ10"
"CDP-77-9854","EQUIPO2","DIRECCION_UBIC3","2020-10-22 00:00:00","2020-11-05 16:18:23","9","CRONOGRAMA MANTENIMIENRO EQ2"
"CDP-220307","EQUIPO 122","DIRECCION_UBIC47","2020-09-05 00:00:00","2020-10-23 20:16:49","2","CRONOGRAMA MANTENIMIENRO EQ99"
"CDP-248479","EQUIPO 61","DIRECCION_UBIC47","2020-10-12 00:00:00","2020-11-13 21:11:34","18","CRONOGRAMA MANTENIMIENRO EQ135"
"CDP-338549","EQUIPO 185","DIRECCION_UBIC50","2020-09-22 00:00:00","2020-10-02 00:24:09","7","CRONOGRAMA MANTENIMIENRO EQ155"
"CDP-199482","EQUIPO 148","DIRECCION_UBIC13","2020-10-13 00:00:00","2020-11-08 13:06:41","9","CRONOGRAMA MANTENIMIENRO EQ93"
"CDP-136335","EQUIPO 101","DIRECCION_UBIC14","2020-09-24 00:00:00","2020-11-17 03:14:48","8","CRONOGRAMA MANTENIMIENRO EQ121"
"CDP-655-985","EQUIPO 3","DIRECCION_UBIC5","2020-09-29 00:00:00","2020-10-07 12:53:11","14","CRONOGRAMA MANTENIMIENRO EQ60"
"CDP-135480","EQUIPO 152","DIRECCION_UBIC81","2020-09-24 00:00:00","2020-10-17 15:27:29","8","CRONOGRAMA MANTENIMIENRO EQ126"
"CDP-159464","EQUIPO 110","DIRECCION_UBIC79","2020-09-28 00:00:00","2020-11-07 23:53:56","7","CRONOGRAMA MANTENIMIENRO EQ21"
"CDP-391310","EQUIPO 31","DIRECCION_UBIC85","2020-08-28 00:00:00","2020-10-06 14:15:21","19","CRONOGRAMA MANTENIMIENRO EQ22"
"CDP-438435","EQUIPO 14","DIRECCION_UBIC86","2020-09-06 00:00:00","2020-10-21 08:12:58","8","CRONOGRAMA MANTENIMIENRO EQ25"
"CDP-432348","EQUIPO 172","DIRECCION_UBIC94","2020-09-12 00:00:00","2020-09-17 00:55:23","10","CRONOGRAMA MANTENIMIENRO EQ89"
"CDP-137257","EQUIPO 11","DIRECCION_UBIC6","2020-09-27 00:00:00","2020-10-13 13:02:57","10","CRONOGRAMA MANTENIMIENRO EQ26"
"CDP-262491","EQUIPO 182","DIRECCION_UBIC89","2020-10-07 00:00:00","2020-11-19 19:31:49","5","CRONOGRAMA MANTENIMIENRO EQ15"
"CDP-402274","EQUIPO 72","DIRECCION_UBIC91","2020-10-10 00:00:00","2020-11-24 04:15:36","18","CRONOGRAMA MANTENIMIENRO EQ132"
"CDP-131307","EQUIPO 84","DIRECCION_UBIC29","2020-09-27 00:00:00","2020-11-14 09:15:31","1","CRONOGRAMA MANTENIMIENRO EQ104"
"CDP-432412","EQUIPO 24","DIRECCION_UBIC72","2020-09-14 00:00:00","2020-10-18 02:16:10","13","CRONOGRAMA MANTENIMIENRO EQ30"
"CDP-435251","EQUIPO 29","DIRECCION_UBIC9","2020-10-05 00:00:00","2020-11-18 12:23:47","2","CRONOGRAMA MANTENIMIENRO EQ95"
"CDP-402274","EQUIPO 72","DIRECCION_UBIC91","2020-10-14 00:00:00","2020-10-29 09:06:11","8","CRONOGRAMA MANTENIMIENRO EQ132"
"CDP-263283","EQUIPO 166","DIRECCION_UBIC9","2020-09-22 00:00:00","2020-11-19 16:25:25","12","CRONOGRAMA MANTENIMIENRO EQ65"
"CDP-296447","EQUIPO 76","DIRECCION_UBIC66","2020-09-13 00:00:00","2020-10-16 22:20:01","2","CRONOGRAMA MANTENIMIENRO EQ9"
"CDP-307555","EQUIPO 65","DIRECCION_UBIC10","2020-10-09 00:00:00","2020-11-27 05:35:23","13","CRONOGRAMA MANTENIMIENRO EQ164"
"CDP-446557","EQUIPO 179","DIRECCION_UBIC7","2020-08-31 00:00:00","2020-10-23 04:11:05","5","CRONOGRAMA MANTENIMIENRO EQ27"
"CDP-390306","EQUIPO 177","DIRECCION_UBIC58","2020-08-29 00:00:00","2020-09-15 07:09:51","10","CRONOGRAMA MANTENIMIENRO EQ142"
"CDP-419459","EQUIPO 194","DIRECCION_UBIC77","2020-09-28 00:00:00","2020-11-17 16:16:33","18","CRONOGRAMA MANTENIMIENRO EQ85"
"CDP-307555","EQUIPO 65","DIRECCION_UBIC10","2020-09-15 00:00:00","2020-11-05 14:24:02","11","CRONOGRAMA MANTENIMIENRO EQ168"
"CDP-499344","EQUIPO 68","DIRECCION_UBIC30","2020-10-07 00:00:00","2020-11-25 01:24:37","3","CRONOGRAMA MANTENIMIENRO EQ177"
"CDP-438435","EQUIPO 14","DIRECCION_UBIC86","2020-09-13 00:00:00","2020-10-11 16:16:50","10","CRONOGRAMA MANTENIMIENRO EQ25"
"CDP-127542","EQUIPO 77","DIRECCION_UBIC61","2020-09-22 00:00:00","2020-11-12 04:33:02","12","CRONOGRAMA MANTENIMIENRO EQ4"
"CDP-248479","EQUIPO 61","DIRECCION_UBIC47","2020-09-25 00:00:00","2020-10-23 07:12:26","17","CRONOGRAMA MANTENIMIENRO EQ5"
"CDP-211542","EQUIPO 199","DIRECCION_UBIC48","2020-09-03 00:00:00","2020-09-27 00:53:59","3","CRONOGRAMA MANTENIMIENRO EQ174"
"CDP-296447","EQUIPO 76","DIRECCION_UBIC66","2020-09-21 00:00:00","2020-10-19 00:54:19","11","CRONOGRAMA MANTENIMIENRO EQ63"
"CDP-429581","EQUIPO 103","DIRECCION_UBIC98","2020-09-01 00:00:00","2020-09-26 18:39:54","9","CRONOGRAMA MANTENIMIENRO EQ127"
"CDP-459599","EQUIPO 132","DIRECCION_UBIC2","2020-08-31 00:00:00","2020-09-25 18:22:29","6","CRONOGRAMA MANTENIMIENRO EQ133"
"CDP-390306","EQUIPO 177","DIRECCION_UBIC58","2020-10-12 00:00:00","2020-11-22 06:47:53","3","CRONOGRAMA MANTENIMIENRO EQ54"
"CDP-227306","EQUIPO 119","DIRECCION_UBIC86","2020-10-25 00:00:00","2020-11-16 06:44:17","6","CRONOGRAMA MANTENIMIENRO EQ166"
"CDP-131307","EQUIPO 84","DIRECCION_UBIC29","2020-10-18 00:00:00","2020-11-07 18:55:43","13","CRONOGRAMA MANTENIMIENRO EQ104"
"CDP-184511","EQUIPO 78","DIRECCION_UBIC77","2020-09-06 00:00:00","2020-10-07 02:57:32","11","CRONOGRAMA MANTENIMIENRO EQ61"
"CDP-126313","EQUIPO 147","DIRECCION_UBIC90","2020-09-18 00:00:00","2020-11-13 08:12:17","1","CRONOGRAMA MANTENIMIENRO EQ106"
"CDP-228390","EQUIPO 181","DIRECCION_UBIC77","2020-10-20 00:00:00","2020-10-28 07:13:41","1","CRONOGRAMA MANTENIMIENRO EQ51"
"CDP-211542","EQUIPO 199","DIRECCION_UBIC48","2020-10-04 00:00:00","2020-10-23 00:13:06","17","CRONOGRAMA MANTENIMIENRO EQ174"
"CDP-428390","EQUIPO 19","DIRECCION_UBIC37","2020-09-14 00:00:00","2020-10-09 17:35:14","4","CRONOGRAMA MANTENIMIENRO EQ10"
"CDP-254548","EQUIPO 169","DIRECCION_UBIC82","2020-09-15 00:00:00","2020-10-16 14:06:39","8","CRONOGRAMA MANTENIMIENRO EQ115"
"CDP-428390","EQUIPO 19","DIRECCION_UBIC37","2020-10-06 00:00:00","2020-11-24 15:52:07","19","CRONOGRAMA MANTENIMIENRO EQ10"
"CDP-77-9854","EQUIPO2","DIRECCION_UBIC3","2020-09-09 00:00:00","2020-11-05 18:52:54","17","ACTUALIZA"
"CDP-105477","EQUIPO 136","DIRECCION_UBIC95","2020-09-14 00:00:00","2020-10-29 05:02:45","9","CRONOGRAMA MANTENIMIENRO EQ42"
"CDP-378342","EQUIPO 34","DIRECCION_UBIC19","2020-10-04 00:00:00","2020-11-29 16:18:20","15","CRONOGRAMA MANTENIMIENRO EQ148"
"CDP-402274","EQUIPO 72","DIRECCION_UBIC91","2020-09-28 00:00:00","2020-10-10 04:54:21","8","CRONOGRAMA MANTENIMIENRO EQ195"
"CDP-497431","EQUIPO 138","DIRECCION_UBIC62","2020-09-30 00:00:00","2020-11-11 01:49:37","14","CRONOGRAMA MANTENIMIENRO EQ137"
"CDP-228390","EQUIPO 181","DIRECCION_UBIC77","2020-10-14 00:00:00","2020-12-03 04:24:41","9","CRONOGRAMA MANTENIMIENRO EQ76"
"CDP-459599","EQUIPO 132","DIRECCION_UBIC2","2020-09-15 00:00:00","2020-10-15 03:48:41","15","CRONOGRAMA MANTENIMIENRO EQ133"
"CDP-446557","EQUIPO 179","DIRECCION_UBIC7","2020-09-23 00:00:00","2020-11-04 11:27:40","12","CRONOGRAMA MANTENIMIENRO EQ119"
"CDP-211542","EQUIPO 199","DIRECCION_UBIC48","2020-10-24 00:00:00","2020-11-16 18:01:31","6","CRONOGRAMA MANTENIMIENRO EQ174"
"CDP-655-985","EQUIPO 3","DIRECCION_UBIC5","2020-10-07 00:00:00","2020-11-05 21:34:21","1","CRONOGRAMA MANTENIMIENRO EQ60"
"CDP-323432","EQUIPO 16","DIRECCION_UBIC25","2020-10-11 00:00:00","2020-10-25 08:23:05","19","CRONOGRAMA MANTENIMIENRO EQ14"
"CDP-329303","EQUIPO 150","DIRECCION_UBIC64","2020-10-12 00:00:00","2020-11-01 02:34:51","11","CRONOGRAMA MANTENIMIENRO EQ159"
"CDP-211542","EQUIPO 199","DIRECCION_UBIC48","2020-10-10 00:00:00","2020-11-07 09:16:08","5","CRONOGRAMA MANTENIMIENRO EQ39"
"CDP-119290","EQUIPO 53","DIRECCION_UBIC98","2020-09-08 00:00:00","2020-10-31 04:23:36","10","CRONOGRAMA MANTENIMIENRO EQ200"
"CDP-146420","EQUIPO 141","DIRECCION_UBIC9","2020-09-18 00:00:00","2020-11-11 18:55:43","5","CRONOGRAMA MANTENIMIENRO EQ19"
"CDP-123567","EQUIPO 198","DIRECCION_UBIC7","2020-10-14 00:00:00","2020-11-05 18:24:28","8","CRONOGRAMA MANTENIMIENRO EQ129"
"CDP-347406","EQUIPO 40","DIRECCION_UBIC16","2020-09-25 00:00:00","2020-11-22 04:49:49","13","CRONOGRAMA MANTENIMIENRO EQ139"
"CDP-390306","EQUIPO 177","DIRECCION_UBIC58","2020-09-20 00:00:00","2020-10-01 16:49:47","8","CRONOGRAMA MANTENIMIENRO EQ142"
"CDP-227306","EQUIPO 119","DIRECCION_UBIC86","2020-10-22 00:00:00","2020-11-03 07:02:23","10","CRONOGRAMA MANTENIMIENRO EQ150"
"CDP-244412","EQUIPO 190","DIRECCION_UBIC32","2020-10-15 00:00:00","2020-12-08 19:40:01","9","CRONOGRAMA MANTENIMIENRO EQ18"
"CDP-254548","EQUIPO 169","DIRECCION_UBIC82","2020-10-15 00:00:00","2020-10-22 02:44:56","11","CRONOGRAMA MANTENIMIENRO EQ115"
"CDP-406446","EQUIPO 99","DIRECCION_UBIC18","2020-10-12 00:00:00","2020-12-02 03:48:28","17","CRONOGRAMA MANTENIMIENRO EQ105"
"CDP-154442","EQUIPO 4","DIRECCION_UBIC59","2020-10-18 00:00:00","2020-12-04 06:25:05","5","CRONOGRAMA MANTENIMIENRO EQ73"
"CDP-381344","EQUIPO 41","DIRECCION_UBIC77","2020-10-25 00:00:00","2020-12-05 05:26:06","4","CRONOGRAMA MANTENIMIENRO EQ158"
"CDP-135480","EQUIPO 152","DIRECCION_UBIC81","2020-09-15 00:00:00","2020-10-05 05:32:56","11","CRONOGRAMA MANTENIMIENRO EQ187"
"CDP-381344","EQUIPO 41","DIRECCION_UBIC77","2020-10-03 00:00:00","2020-10-10 01:16:07","13","CRONOGRAMA MANTENIMIENRO EQ158"
"CDP-184511","EQUIPO 78","DIRECCION_UBIC77","2020-09-28 00:00:00","2020-10-10 13:20:27","4","CRONOGRAMA MANTENIMIENRO EQ61"
"CDP-113516","EQUIPO 196","DIRECCION_UBIC95","2020-09-24 00:00:00","2020-10-27 07:33:57","7","CRONOGRAMA MANTENIMIENRO EQ46"
"CDP-329303","EQUIPO 150","DIRECCION_UBIC64","2020-09-04 00:00:00","2020-11-01 16:59:58","19","CRONOGRAMA MANTENIMIENRO EQ159"
"CDP-194500","EQUIPO 200","DIRECCION_UBIC49","2020-10-09 00:00:00","2020-11-16 19:59:19","9","CRONOGRAMA MANTENIMIENRO EQ108"
"CDP-381344","EQUIPO 41","DIRECCION_UBIC77","2020-10-22 00:00:00","2020-10-31 22:14:45","6","CRONOGRAMA MANTENIMIENRO EQ171"
"CDP-77-9854","EQUIPO2","DIRECCION_UBIC3","2020-08-31 00:00:00","2020-09-13 15:16:46","19","ACTUALIZA"
"CDP-494599","EQUIPO 145","DIRECCION_UBIC98","2020-09-29 00:00:00","2020-10-25 02:45:50","8","CRONOGRAMA MANTENIMIENRO EQ71"
"CDP-227306","EQUIPO 119","DIRECCION_UBIC86","2020-09-28 00:00:00","2020-10-04 01:59:49","16","CRONOGRAMA MANTENIMIENRO EQ78"
"CDP-494599","EQUIPO 145","DIRECCION_UBIC98","2020-08-27 00:00:00","2020-10-23 10:29:12","18","CRONOGRAMA MANTENIMIENRO EQ44"
"CDP-313311","EQUIPO 107","DIRECCION_UBIC71","2020-09-05 00:00:00","2020-09-30 10:58:27","7","CRONOGRAMA MANTENIMIENRO EQ147"
"CDP-105477","EQUIPO 136","DIRECCION_UBIC95","2020-09-09 00:00:00","2020-11-01 17:07:23","11","CRONOGRAMA MANTENIMIENRO EQ74"
"CDP-123567","EQUIPO 198","DIRECCION_UBIC7","2020-09-08 00:00:00","2020-09-20 01:54:14","11","CRONOGRAMA MANTENIMIENRO EQ129"
"CDP-126313","EQUIPO 147","DIRECCION_UBIC90","2020-09-13 00:00:00","2020-09-30 21:58:41","7","CRONOGRAMA MANTENIMIENRO EQ101"
"CDP-131307","EQUIPO 84","DIRECCION_UBIC29","2020-09-13 00:00:00","2020-09-20 10:23:45","10","CRONOGRAMA MANTENIMIENRO EQ188"
"CDP-352325","EQUIPO 22","DIRECCION_UBIC36","2020-08-26 00:00:00","2020-09-22 05:00:30","2","CRONOGRAMA MANTENIMIENRO EQ29"
"CDP-313311","EQUIPO 107","DIRECCION_UBIC71","2020-09-19 00:00:00","2020-10-07 12:15:24","8","CRONOGRAMA MANTENIMIENRO EQ147"
"CDP-371287","EQUIPO 189","DIRECCION_UBIC41","2020-10-18 00:00:00","2020-12-14 17:54:47","12","CRONOGRAMA MANTENIMIENRO EQ134"
"CDP-438258","EQUIPO 17","DIRECCION_UBIC29","2020-10-03 00:00:00","2020-11-18 19:36:43","15","CRONOGRAMA MANTENIMIENRO EQ111"
"CDP-254548","EQUIPO 169","DIRECCION_UBIC82","2020-09-27 00:00:00","2020-10-05 08:37:25","5","CRONOGRAMA MANTENIMIENRO EQ115"
"CDP-254548","EQUIPO 169","DIRECCION_UBIC82","2020-08-25 00:00:00","2020-09-18 12:54:03","16","CRONOGRAMA MANTENIMIENRO EQ90"
"CDP-264586","EQUIPO 188","DIRECCION_UBIC90","2020-09-27 00:00:00","2020-11-21 04:44:32","13","CRONOGRAMA MANTENIMIENRO EQ98"
"CDP-329303","EQUIPO 150","DIRECCION_UBIC64","2020-10-05 00:00:00","2020-10-10 06:31:57","16","CRONOGRAMA MANTENIMIENRO EQ34"
"CDP-131307","EQUIPO 84","DIRECCION_UBIC29","2020-09-06 00:00:00","2020-10-05 15:43:56","8","CRONOGRAMA MANTENIMIENRO EQ188"
"CDP-402274","EQUIPO 72","DIRECCION_UBIC91","2020-09-29 00:00:00","2020-10-20 13:55:01","8","CRONOGRAMA MANTENIMIENRO EQ132"
"CDP-244412","EQUIPO 190","DIRECCION_UBIC32","2020-09-09 00:00:00","2020-10-31 00:11:19","3","CRONOGRAMA MANTENIMIENRO EQ18"
"CDP-215407","EQUIPO 80","DIRECCION_UBIC93","2020-09-15 00:00:00","2020-10-09 01:37:09","15","CRONOGRAMA MANTENIMIENRO EQ33"
"CDP-390306","EQUIPO 177","DIRECCION_UBIC58","2020-10-15 00:00:00","2020-12-12 00:38:24","3","CRONOGRAMA MANTENIMIENRO EQ54"
"CDP-77-9854","EQUIPO2","DIRECCION_UBIC3","2020-09-28 00:00:00","2020-10-07 10:34:49","17","ACTUALIZA"
"CDP-125-336","EQUIPO 1","DIRECCION_UBIC1","2020-10-03 00:00:00","2020-10-10 10:51:46","10","CRONOGRAMA PARA EQUIPO 1"
"CDP-185297","EQUIPO 93","DIRECCION_UBIC17","2020-08-25 00:00:00","2020-09-26 00:18:07","8","CRONOGRAMA MANTENIMIENRO EQ190"
"CDP-459599","EQUIPO 132","DIRECCION_UBIC2","2020-09-23 00:00:00","2020-11-08 07:55:33","13","CRONOGRAMA MANTENIMIENRO EQ84"
"CDP-402274","EQUIPO 72","DIRECCION_UBIC91","2020-09-08 00:00:00","2020-10-21 16:03:47","19","CRONOGRAMA MANTENIMIENRO EQ195"
"CDP-218408","EQUIPO 173","DIRECCION_UBIC67","2020-10-01 00:00:00","2020-11-08 02:58:22","4","CRONOGRAMA MANTENIMIENRO EQ110"
"CDP-463310","EQUIPO 157","DIRECCION_UBIC13","2020-10-04 00:00:00","2020-11-19 03:38:22","4","CRONOGRAMA MANTENIMIENRO EQ66"
"CDP-432412","EQUIPO 24","DIRECCION_UBIC72","2020-09-15 00:00:00","2020-10-05 05:06:13","8","CRONOGRAMA MANTENIMIENRO EQ144"
"CDP-146420","EQUIPO 141","DIRECCION_UBIC9","2020-09-25 00:00:00","2020-11-23 07:18:19","15","CRONOGRAMA MANTENIMIENRO EQ19"
"CDP-463310","EQUIPO 157","DIRECCION_UBIC13","2020-09-01 00:00:00","2020-10-12 20:01:38","6","CRONOGRAMA MANTENIMIENRO EQ66"
"CDP-346389","EQUIPO 116","DIRECCION_UBIC41","2020-10-11 00:00:00","2020-10-17 09:05:51","12","CRONOGRAMA MANTENIMIENRO EQ64"
"CDP-497431","EQUIPO 138","DIRECCION_UBIC62","2020-09-19 00:00:00","2020-11-17 07:13:46","18","CRONOGRAMA MANTENIMIENRO EQ137"
"CDP-494599","EQUIPO 145","DIRECCION_UBIC98","2020-10-08 00:00:00","2020-11-26 06:40:26","9","CRONOGRAMA MANTENIMIENRO EQ71"
"CDP-154579","EQUIPO 67","DIRECCION_UBIC20","2020-10-20 00:00:00","2020-11-13 21:35:53","19","CRONOGRAMA MANTENIMIENRO EQ72"
"CDP-333391","EQUIPO 180","DIRECCION_UBIC45","2020-09-22 00:00:00","2020-10-13 08:23:40","16","CRONOGRAMA MANTENIMIENRO EQ52"
"CDP-227306","EQUIPO 119","DIRECCION_UBIC86","2020-10-17 00:00:00","2020-10-24 06:52:17","7","CRONOGRAMA MANTENIMIENRO EQ78"
"CDP-131307","EQUIPO 84","DIRECCION_UBIC29","2020-09-22 00:00:00","2020-10-24 16:40:28","9","CRONOGRAMA MANTENIMIENRO EQ176"
"CDP-465287","EQUIPO 120","DIRECCION_UBIC65","2020-10-22 00:00:00","2020-12-02 04:22:19","1","CRONOGRAMA MANTENIMIENRO EQ40"
"CDP-224410","EQUIPO 54","DIRECCION_UBIC4","2020-09-05 00:00:00","2020-10-07 11:53:20","15","CRONOGRAMA MANTENIMIENRO EQ157"
"CDP-156492","EQUIPO 192","DIRECCION_UBIC27","2020-09-08 00:00:00","2020-10-15 05:27:54","14","CRONOGRAMA MANTENIMIENRO EQ167"
"CDP-390306","EQUIPO 177","DIRECCION_UBIC58","2020-09-10 00:00:00","2020-10-25 13:34:25","15","CRONOGRAMA MANTENIMIENRO EQ145"
"CDP-313311","EQUIPO 107","DIRECCION_UBIC71","2020-10-20 00:00:00","2020-11-19 03:23:11","7","CRONOGRAMA MANTENIMIENRO EQ12"
"CDP-227306","EQUIPO 119","DIRECCION_UBIC86","2020-09-09 00:00:00","2020-09-29 16:10:18","3","CRONOGRAMA MANTENIMIENRO EQ78"
"CDP-218408","EQUIPO 173","DIRECCION_UBIC67","2020-10-25 00:00:00","2020-12-01 16:16:26","9","CRONOGRAMA MANTENIMIENRO EQ110"
"CDP-304286","EQUIPO 115","DIRECCION_UBIC64","2020-10-08 00:00:00","2020-11-24 15:04:00","6","CRONOGRAMA MANTENIMIENRO EQ79"
"CDP-459599","EQUIPO 132","DIRECCION_UBIC2","2020-09-17 00:00:00","2020-10-03 09:21:10","7","CRONOGRAMA MANTENIMIENRO EQ84"
"CDP-254548","EQUIPO 169","DIRECCION_UBIC82","2020-10-24 00:00:00","2020-11-22 16:59:18","10","CRONOGRAMA MANTENIMIENRO EQ90"
"CDP-478308","EQUIPO 94","DIRECCION_UBIC99","2020-09-05 00:00:00","2020-09-18 10:06:09","12","CRONOGRAMA MANTENIMIENRO EQ179"
"CDP-402274","EQUIPO 72","DIRECCION_UBIC91","2020-09-15 00:00:00","2020-09-29 01:42:32","7","CRONOGRAMA MANTENIMIENRO EQ132"
"CDP-123567","EQUIPO 198","DIRECCION_UBIC7","2020-09-24 00:00:00","2020-11-16 11:37:44","17","CRONOGRAMA MANTENIMIENRO EQ194"
"CDP-374332","EQUIPO 83","DIRECCION_UBIC80","2020-09-24 00:00:00","2020-11-22 17:32:40","18","CRONOGRAMA MANTENIMIENRO EQ180"
"CDP-224410","EQUIPO 54","DIRECCION_UBIC4","2020-09-12 00:00:00","2020-10-02 19:18:04","13","CRONOGRAMA MANTENIMIENRO EQ140"
"CDP-371287","EQUIPO 189","DIRECCION_UBIC41","2020-09-22 00:00:00","2020-11-14 02:34:13","7","CRONOGRAMA MANTENIMIENRO EQ141"
"CDP-262491","EQUIPO 182","DIRECCION_UBIC89","2020-09-21 00:00:00","2020-10-19 03:07:21","8","CRONOGRAMA MANTENIMIENRO EQ15"
"CDP-157342","EQUIPO 71","DIRECCION_UBIC74","2020-08-30 00:00:00","2020-10-09 08:18:21","3","CRONOGRAMA MANTENIMIENRO EQ128"
"CDP-397329","EQUIPO 91","DIRECCION_UBIC81","2020-10-12 00:00:00","2020-12-02 19:38:06","17","CRONOGRAMA MANTENIMIENRO EQ75"
"CDP-227306","EQUIPO 119","DIRECCION_UBIC86","2020-10-04 00:00:00","2020-11-30 16:57:18","1","CRONOGRAMA MANTENIMIENRO EQ78"
"CDP-242441","EQUIPO 111","DIRECCION_UBIC67","2020-09-06 00:00:00","2020-11-01 15:07:42","8","CRONOGRAMA MANTENIMIENRO EQ149"
"CDP-329303","EQUIPO 150","DIRECCION_UBIC64","2020-09-01 00:00:00","2020-10-01 23:19:21","18","CRONOGRAMA MANTENIMIENRO EQ34"
"CDP-206538","EQUIPO 118","DIRECCION_UBIC8","2020-09-19 00:00:00","2020-11-13 09:35:53","10","CRONOGRAMA MANTENIMIENRO EQ6"
"CDP-347406","EQUIPO 40","DIRECCION_UBIC16","2020-08-31 00:00:00","2020-10-09 22:21:29","4","CRONOGRAMA MANTENIMIENRO EQ139"
"CDP-220307","EQUIPO 122","DIRECCION_UBIC47","2020-09-27 00:00:00","2020-11-11 23:17:49","9","CRONOGRAMA MANTENIMIENRO EQ99"
"CDP-402592","EQUIPO 62","DIRECCION_UBIC71","2020-09-13 00:00:00","2020-10-27 20:08:07","19","CRONOGRAMA MANTENIMIENRO EQ83"
"CDP-428390","EQUIPO 19","DIRECCION_UBIC37","2020-09-03 00:00:00","2020-09-08 18:53:33","19","CRONOGRAMA MANTENIMIENRO EQ10"
"CDP-248479","EQUIPO 61","DIRECCION_UBIC47","2020-09-04 00:00:00","2020-10-20 17:29:39","9","CRONOGRAMA MANTENIMIENRO EQ135"
"CDP-136335","EQUIPO 101","DIRECCION_UBIC14","2020-09-08 00:00:00","2020-09-23 06:51:10","13","CRONOGRAMA MANTENIMIENRO EQ121"
"CDP-123567","EQUIPO 198","DIRECCION_UBIC7","2020-10-10 00:00:00","2020-10-23 12:59:42","3","CRONOGRAMA MANTENIMIENRO EQ13"
"CDP-428390","EQUIPO 19","DIRECCION_UBIC37","2020-10-24 00:00:00","2020-12-14 21:12:34","18","CRONOGRAMA MANTENIMIENRO EQ10"
"CDP-113423","EQUIPO 129","DIRECCION_UBIC44","2020-09-22 00:00:00","2020-11-09 22:44:18","5","CRONOGRAMA MANTENIMIENRO EQ192"
"CDP-374332","EQUIPO 83","DIRECCION_UBIC80","2020-09-14 00:00:00","2020-10-14 09:25:42","1","CRONOGRAMA MANTENIMIENRO EQ180"
"CDP-194500","EQUIPO 200","DIRECCION_UBIC49","2020-10-06 00:00:00","2020-10-30 03:04:44","3","CRONOGRAMA MANTENIMIENRO EQ55"
"CDP-430504","EQUIPO 104","DIRECCION_UBIC38","2020-09-08 00:00:00","2020-09-25 18:55:09","6","CRONOGRAMA MANTENIMIENRO EQ36"
"CDP-390306","EQUIPO 177","DIRECCION_UBIC58","2020-09-13 00:00:00","2020-09-18 12:59:17","18","CRONOGRAMA MANTENIMIENRO EQ54"
"CDP-194500","EQUIPO 200","DIRECCION_UBIC49","2020-09-08 00:00:00","2020-10-03 05:02:09","5","CRONOGRAMA MANTENIMIENRO EQ108"
"CDP-374366","EQUIPO 46","DIRECCION_UBIC96","2020-10-23 00:00:00","2020-12-05 17:51:00","18","CRONOGRAMA MANTENIMIENRO EQ69"
"CDP-241300","EQUIPO 26","DIRECCION_UBIC80","2020-09-24 00:00:00","2020-11-04 21:07:48","15","CRONOGRAMA MANTENIMIENRO EQ48"
"CDP-248479","EQUIPO 61","DIRECCION_UBIC47","2020-08-31 00:00:00","2020-09-14 03:15:01","16","CRONOGRAMA MANTENIMIENRO EQ135"
"CDP-438435","EQUIPO 14","DIRECCION_UBIC86","2020-10-11 00:00:00","2020-12-04 22:36:59","11","CRONOGRAMA MANTENIMIENRO EQ25"
"CDP-137462","EQUIPO 64","DIRECCION_UBIC90","2020-10-22 00:00:00","2020-12-20 20:20:13","9","CRONOGRAMA MANTENIMIENRO EQ161"
"CDP-459599","EQUIPO 132","DIRECCION_UBIC2","2020-09-09 00:00:00","2020-10-11 20:40:26","16","CRONOGRAMA MANTENIMIENRO EQ70"
"CDP-378342","EQUIPO 34","DIRECCION_UBIC19","2020-10-08 00:00:00","2020-11-15 19:35:02","4","CRONOGRAMA MANTENIMIENRO EQ148"
"CDP-224410","EQUIPO 54","DIRECCION_UBIC4","2020-09-02 00:00:00","2020-10-02 13:51:57","11","CRONOGRAMA MANTENIMIENRO EQ140"
"CDP-391310","EQUIPO 31","DIRECCION_UBIC85","2020-09-18 00:00:00","2020-10-24 10:42:56","14","CRONOGRAMA MANTENIMIENRO EQ11"
"CDP-324597","EQUIPO 125","DIRECCION_UBIC31","2020-09-20 00:00:00","2020-11-18 19:01:58","14","CRONOGRAMA MANTENIMIENRO EQ53"
"CDP-206538","EQUIPO 118","DIRECCION_UBIC8","2020-09-26 00:00:00","2020-10-11 05:30:32","18","CRONOGRAMA MANTENIMIENRO EQ6"
"CDP-494599","EQUIPO 145","DIRECCION_UBIC98","2020-09-24 00:00:00","2020-10-16 15:42:27","8","CRONOGRAMA MANTENIMIENRO EQ44"
"CDP-402274","EQUIPO 72","DIRECCION_UBIC91","2020-09-28 00:00:00","2020-10-11 04:10:47","12","CRONOGRAMA MANTENIMIENRO EQ195"
"CDP-248479","EQUIPO 61","DIRECCION_UBIC47","2020-08-27 00:00:00","2020-10-02 20:51:31","14","CRONOGRAMA MANTENIMIENRO EQ198"
"CDP-323432","EQUIPO 16","DIRECCION_UBIC25","2020-08-31 00:00:00","2020-10-15 07:33:47","8","CRONOGRAMA MANTENIMIENRO EQ14"
"CDP-438258","EQUIPO 17","DIRECCION_UBIC29","2020-10-04 00:00:00","2020-10-15 00:33:59","4","CRONOGRAMA MANTENIMIENRO EQ111"
"CDP-171546","EQUIPO 171","DIRECCION_UBIC54","2020-10-20 00:00:00","2020-11-14 13:42:29","13","CRONOGRAMA MANTENIMIENRO EQ197"
"CDP-137257","EQUIPO 11","DIRECCION_UBIC6","2020-09-01 00:00:00","2020-10-01 09:12:46","16","CRONOGRAMA MANTENIMIENRO EQ26"
"CDP-446557","EQUIPO 179","DIRECCION_UBIC7","2020-09-14 00:00:00","2020-10-15 00:49:59","17","CRONOGRAMA MANTENIMIENRO EQ119"
"CDP-347406","EQUIPO 40","DIRECCION_UBIC16","2020-09-07 00:00:00","2020-10-26 22:07:56","10","CRONOGRAMA MANTENIMIENRO EQ37"
"CDP-227306","EQUIPO 119","DIRECCION_UBIC86","2020-10-13 00:00:00","2020-12-04 17:08:58","18","CRONOGRAMA MANTENIMIENRO EQ78"
"CDP-465287","EQUIPO 120","DIRECCION_UBIC65","2020-09-06 00:00:00","2020-09-22 12:36:11","11","CRONOGRAMA MANTENIMIENRO EQ116"
"CDP-352325","EQUIPO 22","DIRECCION_UBIC36","2020-08-26 00:00:00","2020-10-11 12:23:36","3","CRONOGRAMA MANTENIMIENRO EQ29"
"CDP-312589","EQUIPO 30","DIRECCION_UBIC39","2020-08-29 00:00:00","2020-10-21 01:12:27","14","CRONOGRAMA MANTENIMIENRO EQ151"
"CDP-497431","EQUIPO 138","DIRECCION_UBIC62","2020-10-05 00:00:00","2020-11-19 22:00:45","18","CRONOGRAMA MANTENIMIENRO EQ137"
"CDP-336415","EQUIPO 106","DIRECCION_UBIC47","2020-09-04 00:00:00","2020-09-09 18:54:13","5","CRONOGRAMA MANTENIMIENRO EQ56"
"CDP-131307","EQUIPO 84","DIRECCION_UBIC29","2020-09-16 00:00:00","2020-09-25 17:42:31","19","CRONOGRAMA MANTENIMIENRO EQ188"
"CDP-214235","EQUIPO 124","DIRECCION_UBIC49","2020-09-27 00:00:00","2020-10-13 07:21:26","19","CRONOGRAMA MANTENIMIENRO EQ82"
"CDP-318251","EQUIPO 79","DIRECCION_UBIC6","2020-10-22 00:00:00","2020-11-23 23:05:38","8","CRONOGRAMA MANTENIMIENRO EQ91"
"CDP-432412","EQUIPO 24","DIRECCION_UBIC72","2020-09-06 00:00:00","2020-10-01 08:48:52","3","CRONOGRAMA MANTENIMIENRO EQ122"
"CDP-135480","EQUIPO 152","DIRECCION_UBIC81","2020-08-25 00:00:00","2020-10-11 21:19:54","3","CRONOGRAMA MANTENIMIENRO EQ126"
"CDP-248479","EQUIPO 61","DIRECCION_UBIC47","2020-09-02 00:00:00","2020-10-14 02:51:38","19","CRONOGRAMA MANTENIMIENRO EQ135"
"CDP-259391","EQUIPO 60","DIRECCION_UBIC64","2020-10-09 00:00:00","2020-10-17 20:49:23","6","CRONOGRAMA MANTENIMIENRO EQ81"
"CDP-493489","EQUIPO 6","DIRECCION_UBIC27","2020-10-22 00:00:00","2020-12-14 10:31:57","11","CRONOGRAMA MANTENIMIENRO EQ112"
"CDP-313311","EQUIPO 107","DIRECCION_UBIC71","2020-09-22 00:00:00","2020-09-28 21:43:05","15","CRONOGRAMA MANTENIMIENRO EQ12"
"CDP-430504","EQUIPO 104","DIRECCION_UBIC38","2020-08-26 00:00:00","2020-09-14 12:13:59","19","CRONOGRAMA MANTENIMIENRO EQ36"
"CDP-381344","EQUIPO 41","DIRECCION_UBIC77","2020-09-16 00:00:00","2020-10-26 00:34:46","9","CRONOGRAMA MANTENIMIENRO EQ171"
"CDP-127542","EQUIPO 77","DIRECCION_UBIC61","2020-10-10 00:00:00","2020-11-30 14:48:42","3","CRONOGRAMA MANTENIMIENRO EQ4"
"CDP-371287","EQUIPO 189","DIRECCION_UBIC41","2020-09-13 00:00:00","2020-10-13 00:27:48","5","CRONOGRAMA MANTENIMIENRO EQ134"
"CDP-419459","EQUIPO 194","DIRECCION_UBIC77","2020-09-03 00:00:00","2020-10-08 19:06:25","5","CRONOGRAMA MANTENIMIENRO EQ85"
"CDP-235241","EQUIPO 144","DIRECCION_UBIC72","2020-09-15 00:00:00","2020-09-28 18:29:12","6","CRONOGRAMA MANTENIMIENRO EQ100"
"CDP-254548","EQUIPO 169","DIRECCION_UBIC82","2020-09-11 00:00:00","2020-09-30 08:40:39","18","CRONOGRAMA MANTENIMIENRO EQ90"
"CDP-480522","EQUIPO 36","DIRECCION_UBIC77","2020-09-13 00:00:00","2020-09-20 13:24:51","7","CRONOGRAMA MANTENIMIENRO EQ96"
"CDP-235241","EQUIPO 144","DIRECCION_UBIC72","2020-08-26 00:00:00","2020-09-04 15:40:18","17","CRONOGRAMA MANTENIMIENRO EQ100"
"CDP-227306","EQUIPO 119","DIRECCION_UBIC86","2020-10-21 00:00:00","2020-12-03 22:37:33","12","CRONOGRAMA MANTENIMIENRO EQ166"
"CDP-438258","EQUIPO 17","DIRECCION_UBIC29","2020-09-11 00:00:00","2020-09-23 11:58:50","14","CRONOGRAMA MANTENIMIENRO EQ111"
"CDP-499344","EQUIPO 68","DIRECCION_UBIC30","2020-10-19 00:00:00","2020-11-09 17:49:38","5","CRONOGRAMA MANTENIMIENRO EQ177"
"CDP-291384","EQUIPO 160","DIRECCION_UBIC50","2020-08-27 00:00:00","2020-10-16 20:17:54","4","CRONOGRAMA MANTENIMIENRO EQ191"
"CDP-463310","EQUIPO 157","DIRECCION_UBIC13","2020-09-22 00:00:00","2020-10-22 01:20:45","7","CRONOGRAMA MANTENIMIENRO EQ66"
"CDP-227306","EQUIPO 119","DIRECCION_UBIC86","2020-09-20 00:00:00","2020-09-27 08:13:05","9","CRONOGRAMA MANTENIMIENRO EQ78"
"CDP-259391","EQUIPO 60","DIRECCION_UBIC64","2020-10-08 00:00:00","2020-11-03 21:22:10","8","CRONOGRAMA MANTENIMIENRO EQ173"
"CDP-154579","EQUIPO 67","DIRECCION_UBIC20","2020-09-06 00:00:00","2020-10-29 14:16:18","15","CRONOGRAMA MANTENIMIENRO EQ152"
"CDP-146420","EQUIPO 141","DIRECCION_UBIC9","2020-09-24 00:00:00","2020-10-20 22:12:50","2","CRONOGRAMA MANTENIMIENRO EQ19"
"CDP-438258","EQUIPO 17","DIRECCION_UBIC29","2020-09-15 00:00:00","2020-10-16 20:34:36","19","CRONOGRAMA MANTENIMIENRO EQ111"
"CDP-333391","EQUIPO 180","DIRECCION_UBIC45","2020-10-22 00:00:00","2020-12-14 20:39:54","11","CRONOGRAMA MANTENIMIENRO EQ52"
"CDP-196544","EQUIPO 52","DIRECCION_UBIC90","2020-09-05 00:00:00","2020-09-29 15:19:39","5","CRONOGRAMA MANTENIMIENRO EQ16"
"CDP-155433","EQUIPO 191","DIRECCION_UBIC78","2020-09-10 00:00:00","2020-10-11 14:24:41","11","CRONOGRAMA MANTENIMIENRO EQ146"
"CDP-371287","EQUIPO 189","DIRECCION_UBIC41","2020-09-01 00:00:00","2020-09-18 02:57:38","7","CRONOGRAMA MANTENIMIENRO EQ134"
"CDP-499344","EQUIPO 68","DIRECCION_UBIC30","2020-09-21 00:00:00","2020-11-12 09:44:53","14","CRONOGRAMA MANTENIMIENRO EQ177"
"CDP-421275","EQUIPO 195","DIRECCION_UBIC80","2020-10-16 00:00:00","2020-12-06 14:16:48","4","CRONOGRAMA MANTENIMIENRO EQ50"
"CDP-307555","EQUIPO 65","DIRECCION_UBIC10","2020-10-11 00:00:00","2020-10-17 07:22:53","8","CRONOGRAMA MANTENIMIENRO EQ168"
"CDP-419459","EQUIPO 194","DIRECCION_UBIC77","2020-08-29 00:00:00","2020-09-18 23:33:04","11","CRONOGRAMA MANTENIMIENRO EQ85"
"CDP-397329","EQUIPO 91","DIRECCION_UBIC81","2020-10-16 00:00:00","2020-11-11 10:30:15","17","CRONOGRAMA MANTENIMIENRO EQ67"
"CDP-131307","EQUIPO 84","DIRECCION_UBIC29","2020-09-04 00:00:00","2020-10-31 12:07:52","17","CRONOGRAMA MANTENIMIENRO EQ104"
"CDP-203357","EQUIPO 151","DIRECCION_UBIC59","2020-09-01 00:00:00","2020-10-07 20:34:20","4","CRONOGRAMA MANTENIMIENRO EQ162"
"CDP-154579","EQUIPO 67","DIRECCION_UBIC20","2020-10-08 00:00:00","2020-11-09 08:34:01","3","CRONOGRAMA MANTENIMIENRO EQ152"
"CDP-123567","EQUIPO 198","DIRECCION_UBIC7","2020-09-04 00:00:00","2020-09-29 08:24:43","3","CRONOGRAMA MANTENIMIENRO EQ194"
"CDP-252579","EQUIPO 197","DIRECCION_UBIC83","2020-10-09 00:00:00","2020-11-19 22:22:58","6","CRONOGRAMA MANTENIMIENRO EQ136"
"CDP-391310","EQUIPO 31","DIRECCION_UBIC85","2020-10-02 00:00:00","2020-11-14 16:06:25","14","CRONOGRAMA MANTENIMIENRO EQ11"
"CDP-126313","EQUIPO 147","DIRECCION_UBIC90","2020-09-18 00:00:00","2020-11-08 09:39:15","5","CRONOGRAMA MANTENIMIENRO EQ101"
"CDP-137462","EQUIPO 64","DIRECCION_UBIC90","2020-08-29 00:00:00","2020-09-27 04:28:13","16","CRONOGRAMA MANTENIMIENRO EQ161"
"CDP-304286","EQUIPO 115","DIRECCION_UBIC64","2020-08-29 00:00:00","2020-10-02 23:05:06","13","CRONOGRAMA MANTENIMIENRO EQ79"
"CDP-154442","EQUIPO 4","DIRECCION_UBIC59","2020-09-23 00:00:00","2020-11-08 16:17:17","13","CRONOGRAMA MANTENIMIENRO EQ73"
"CDP-248479","EQUIPO 61","DIRECCION_UBIC47","2020-10-07 00:00:00","2020-10-24 10:35:59","19","CRONOGRAMA MANTENIMIENRO EQ5"
"CDP-432412","EQUIPO 24","DIRECCION_UBIC72","2020-09-25 00:00:00","2020-11-21 18:32:46","17","CRONOGRAMA MANTENIMIENRO EQ144"
"CDP-211542","EQUIPO 199","DIRECCION_UBIC48","2020-09-29 00:00:00","2020-10-05 20:53:26","18","CRONOGRAMA MANTENIMIENRO EQ174"
"CDP-371287","EQUIPO 189","DIRECCION_UBIC41","2020-10-10 00:00:00","2020-12-01 13:17:33","8","CRONOGRAMA MANTENIMIENRO EQ134"
"CDP-403451","EQUIPO 85","DIRECCION_UBIC77","2020-10-14 00:00:00","2020-11-17 13:03:27","9","CRONOGRAMA MANTENIMIENRO EQ124"
"CDP-382283","EQUIPO 12","DIRECCION_UBIC100","2020-10-25 00:00:00","2020-11-01 13:18:12","14","CRONOGRAMA MANTENIMIENRO EQ87"
"CDP-227306","EQUIPO 119","DIRECCION_UBIC86","2020-10-21 00:00:00","2020-11-11 09:27:28","3","CRONOGRAMA MANTENIMIENRO EQ150"
"CDP-235241","EQUIPO 144","DIRECCION_UBIC72","2020-10-17 00:00:00","2020-11-08 21:56:02","19","CRONOGRAMA MANTENIMIENRO EQ100"
"CDP-378342","EQUIPO 34","DIRECCION_UBIC19","2020-08-28 00:00:00","2020-09-18 19:27:03","13","CRONOGRAMA MANTENIMIENRO EQ58"
"CDP-421275","EQUIPO 195","DIRECCION_UBIC80","2020-09-30 00:00:00","2020-10-26 11:07:07","3","CRONOGRAMA MANTENIMIENRO EQ102"
"CDP-135480","EQUIPO 152","DIRECCION_UBIC81","2020-10-13 00:00:00","2020-11-15 08:31:11","10","CRONOGRAMA MANTENIMIENRO EQ126"
"CDP-389387","EQUIPO 23","DIRECCION_UBIC98","2020-09-30 00:00:00","2020-10-15 23:54:13","7","CRONOGRAMA MANTENIMIENRO EQ20"
"CDP-254548","EQUIPO 169","DIRECCION_UBIC82","2020-09-21 00:00:00","2020-11-02 22:40:28","14","CRONOGRAMA MANTENIMIENRO EQ115"
"CDP-106355","EQUIPO 70","DIRECCION_UBIC53","2020-10-15 00:00:00","2020-12-07 04:29:16","5","CRONOGRAMA MANTENIMIENRO EQ38"
"CDP-497431","EQUIPO 138","DIRECCION_UBIC62","2020-09-25 00:00:00","2020-10-17 13:34:41","3","CRONOGRAMA MANTENIMIENRO EQ137"
"CDP-307555","EQUIPO 65","DIRECCION_UBIC10","2020-09-02 00:00:00","2020-10-01 02:45:21","7","CRONOGRAMA MANTENIMIENRO EQ164"
"CDP-374366","EQUIPO 46","DIRECCION_UBIC96","2020-09-19 00:00:00","2020-10-08 09:55:54","13","CRONOGRAMA MANTENIMIENRO EQ69"
"CDP-323432","EQUIPO 16","DIRECCION_UBIC25","2020-09-12 00:00:00","2020-11-04 04:58:56","15","CRONOGRAMA MANTENIMIENRO EQ14"
"CDP-227306","EQUIPO 119","DIRECCION_UBIC86","2020-10-20 00:00:00","2020-11-10 06:13:52","14","CRONOGRAMA MANTENIMIENRO EQ78"
"CDP-351278","EQUIPO 121","DIRECCION_UBIC95","2020-09-15 00:00:00","2020-11-10 10:47:53","3","CRONOGRAMA MANTENIMIENRO EQ138"
"CDP-291384","EQUIPO 160","DIRECCION_UBIC50","2020-10-21 00:00:00","2020-12-16 20:01:23","14","CRONOGRAMA MANTENIMIENRO EQ191"
"CDP-438435","EQUIPO 14","DIRECCION_UBIC86","2020-08-25 00:00:00","2020-10-18 14:55:11","6","CRONOGRAMA MANTENIMIENRO EQ25"
"CDP-465287","EQUIPO 120","DIRECCION_UBIC65","2020-09-25 00:00:00","2020-10-09 14:42:01","5","CRONOGRAMA MANTENIMIENRO EQ40"
"CDP-390306","EQUIPO 177","DIRECCION_UBIC58","2020-08-27 00:00:00","2020-10-02 21:42:41","3","CRONOGRAMA MANTENIMIENRO EQ142"
"CDP-655-985","EQUIPO 3","DIRECCION_UBIC5","2020-10-20 00:00:00","2020-11-29 22:15:20","6","CRONOGRAMA MANTENIMIENRO EQ60"
"CDP-346389","EQUIPO 116","DIRECCION_UBIC41","2020-10-09 00:00:00","2020-10-25 06:03:01","14","CRONOGRAMA MANTENIMIENRO EQ7"
"CDP-494599","EQUIPO 145","DIRECCION_UBIC98","2020-09-21 00:00:00","2020-10-25 21:51:30","14","CRONOGRAMA MANTENIMIENRO EQ44"
"CDP-113516","EQUIPO 196","DIRECCION_UBIC95","2020-09-10 00:00:00","2020-10-29 00:58:44","5","CRONOGRAMA MANTENIMIENRO EQ46"
"CDP-402274","EQUIPO 72","DIRECCION_UBIC91","2020-10-12 00:00:00","2020-12-08 14:33:52","18","CRONOGRAMA MANTENIMIENRO EQ195"
"CDP-493489","EQUIPO 6","DIRECCION_UBIC27","2020-09-09 00:00:00","2020-09-30 17:04:03","8","CRONOGRAMA MANTENIMIENRO EQ114"
"CDP-254548","EQUIPO 169","DIRECCION_UBIC82","2020-10-21 00:00:00","2020-11-16 10:38:25","12","CRONOGRAMA MANTENIMIENRO EQ115"
"CDP-480522","EQUIPO 36","DIRECCION_UBIC77","2020-10-21 00:00:00","2020-11-07 05:43:21","15","CRONOGRAMA MANTENIMIENRO EQ96"
"CDP-402274","EQUIPO 72","DIRECCION_UBIC91","2020-09-03 00:00:00","2020-10-28 00:39:47","5","CRONOGRAMA MANTENIMIENRO EQ195"
"CDP-432412","EQUIPO 24","DIRECCION_UBIC72","2020-09-05 00:00:00","2020-10-14 06:14:08","13","CRONOGRAMA MANTENIMIENRO EQ30"
"CDP-259391","EQUIPO 60","DIRECCION_UBIC64","2020-10-10 00:00:00","2020-10-26 21:26:36","17","CRONOGRAMA MANTENIMIENRO EQ173"
"CDP-228390","EQUIPO 181","DIRECCION_UBIC77","2020-10-21 00:00:00","2020-12-17 05:51:03","7","CRONOGRAMA MANTENIMIENRO EQ109"
"CDP-373272","EQUIPO 47","DIRECCION_UBIC10","2020-09-26 00:00:00","2020-10-27 19:16:20","9","CRONOGRAMA MANTENIMIENRO EQ193"
"CDP-137462","EQUIPO 64","DIRECCION_UBIC90","2020-10-13 00:00:00","2020-11-28 16:03:12","17","CRONOGRAMA MANTENIMIENRO EQ118"
"CDP-333391","EQUIPO 180","DIRECCION_UBIC45","2020-10-19 00:00:00","2020-11-11 15:30:43","5","CRONOGRAMA MANTENIMIENRO EQ52"
"CDP-123567","EQUIPO 198","DIRECCION_UBIC7","2020-10-17 00:00:00","2020-11-27 23:51:19","12","CRONOGRAMA MANTENIMIENRO EQ13"
"CDP-313311","EQUIPO 107","DIRECCION_UBIC71","2020-09-01 00:00:00","2020-10-30 03:23:14","16","CRONOGRAMA MANTENIMIENRO EQ147"
"CDP-406446","EQUIPO 99","DIRECCION_UBIC18","2020-09-09 00:00:00","2020-11-07 18:21:21","5","CRONOGRAMA MANTENIMIENRO EQ105"
"CDP-446557","EQUIPO 179","DIRECCION_UBIC7","2020-10-16 00:00:00","2020-11-27 06:47:17","18","CRONOGRAMA MANTENIMIENRO EQ27"
"CDP-128496","EQUIPO 175","DIRECCION_UBIC73","2020-08-31 00:00:00","2020-10-19 08:53:25","9","CRONOGRAMA MANTENIMIENRO EQ97"
"CDP-199482","EQUIPO 148","DIRECCION_UBIC13","2020-09-14 00:00:00","2020-10-21 01:44:58","6","CRONOGRAMA MANTENIMIENRO EQ41"
"CDP-494599","EQUIPO 145","DIRECCION_UBIC98","2020-10-13 00:00:00","2020-12-08 13:44:06","4","CRONOGRAMA MANTENIMIENRO EQ71"
"CDP-304286","EQUIPO 115","DIRECCION_UBIC64","2020-09-06 00:00:00","2020-10-16 05:24:35","9","CRONOGRAMA MANTENIMIENRO EQ79"
"CDP-77-9854","EQUIPO2","DIRECCION_UBIC3","2020-09-30 00:00:00","2020-10-19 09:57:14","18","CRONOGRAMA MANTENIMIENRO EQ59"
"CDP-290435","EQUIPO 38","DIRECCION_UBIC8","2020-09-14 00:00:00","2020-11-11 11:41:47","11","CRONOGRAMA MANTENIMIENRO EQ57"
"CDP-194500","EQUIPO 200","DIRECCION_UBIC49","2020-09-27 00:00:00","2020-11-05 05:22:26","6","CRONOGRAMA MANTENIMIENRO EQ131"
"CDP-389387","EQUIPO 23","DIRECCION_UBIC98","2020-10-12 00:00:00","2020-11-03 20:31:39","4","CRONOGRAMA MANTENIMIENRO EQ20"
"CDP-123567","EQUIPO 198","DIRECCION_UBIC7","2020-10-08 00:00:00","2020-11-23 15:22:13","5","CRONOGRAMA MANTENIMIENRO EQ194"
"CDP-194500","EQUIPO 200","DIRECCION_UBIC49","2020-09-17 00:00:00","2020-10-15 06:18:45","9","CRONOGRAMA MANTENIMIENRO EQ108"
"CDP-291384","EQUIPO 160","DIRECCION_UBIC50","2020-10-07 00:00:00","2020-11-12 20:26:46","13","CRONOGRAMA MANTENIMIENRO EQ92"
"CDP-224410","EQUIPO 54","DIRECCION_UBIC4","2020-09-23 00:00:00","2020-11-04 15:05:19","18","CRONOGRAMA MANTENIMIENRO EQ140"
"CDP-199482","EQUIPO 148","DIRECCION_UBIC13","2020-09-28 00:00:00","2020-11-24 18:11:54","6","CRONOGRAMA MANTENIMIENRO EQ93"
"CDP-432412","EQUIPO 24","DIRECCION_UBIC72","2020-10-08 00:00:00","2020-12-06 22:24:54","12","CRONOGRAMA MANTENIMIENRO EQ186"
